<?xml version="1.0" encoding="UTF-8"?>
<project-private xmlns="http://www.netbeans.org/ns/project-private/1">
    <editor-bookmarks xmlns="http://www.netbeans.org/ns/editor-bookmarks/2" lastBookmarkId="0"/>
    <open-files xmlns="http://www.netbeans.org/ns/projectui-open-files/2">
        <group>
            <file>file:/D:/netbeans_pro/AttendanceSys/web/welcome.jsp</file>
            <file>file:/D:/netbeans_pro/AttendanceSys/web/login.jsp</file>
            <file>file:/D:/netbeans_pro/AttendanceSys/web/register.jsp</file>
            <file>file:/D:/netbeans_pro/AttendanceSys/web/index.html</file>
            <file>file:/D:/netbeans_pro/AttendanceSys/src/java/attendancelogin/login.java</file>
            <file>file:/D:/netbeans_pro/AttendanceSys/src/java/attendancelogin/register.java</file>
        </group>
    </open-files>
</project-private>
